<application>
  <component name="MaterialThemeConfig">
    <option name="compactDropdowns" value="true" />
    <option name="isCompactMenus" value="true" />
    <option name="isCompactStatusBar" value="true" />
    <option name="isWizardShown" value="true" />
    <option name="pristineConfig" value="false" />
    <option name="rightTreeIndent" value="6" />
    <option name="accentColor" value="2979ff" />
    <option name="selectedTheme" value="ONE_LIGHT" />
    <option name="userId" value="-599ffad8:16a757cadf4:-8000" />
    <option name="version" value="4.11.5" />
  </component>
</application>